-- phpMyAdmin SQL Dump
-- version 4.0.9
-- http://www.phpmyadmin.net
--
-- Host: 127.0.0.1
-- Generation Time: Sep 27, 2014 at 04:50 AM
-- Server version: 5.6.14
-- PHP Version: 5.5.6

SET SQL_MODE = "NO_AUTO_VALUE_ON_ZERO";
SET time_zone = "+00:00";


/*!40101 SET @OLD_CHARACTER_SET_CLIENT=@@CHARACTER_SET_CLIENT */;
/*!40101 SET @OLD_CHARACTER_SET_RESULTS=@@CHARACTER_SET_RESULTS */;
/*!40101 SET @OLD_COLLATION_CONNECTION=@@COLLATION_CONNECTION */;
/*!40101 SET NAMES utf8 */;

--
-- Database: `memory-go`
--

-- --------------------------------------------------------

--
-- Table structure for table `accounts`
--

CREATE TABLE IF NOT EXISTS `accounts` (
  `id` int(20) NOT NULL AUTO_INCREMENT,
  `firstname` varchar(50) NOT NULL,
  `lastname` varchar(50) NOT NULL,
  `gender` varchar(10) NOT NULL,
  `birthday` date NOT NULL,
  `address` varchar(50) NOT NULL,
  `contact_number` varchar(50) NOT NULL,
  `email` varchar(50) NOT NULL,
  `username` varchar(50) NOT NULL,
  `password` varchar(50) NOT NULL,
  `account_type` varchar(20) NOT NULL,
  `date_created` varchar(50) NOT NULL,
  PRIMARY KEY (`id`)
) ENGINE=InnoDB  DEFAULT CHARSET=latin1 AUTO_INCREMENT=12 ;

--
-- Dumping data for table `accounts`
--

INSERT INTO `accounts` (`id`, `firstname`, `lastname`, `gender`, `birthday`, `address`, `contact_number`, `email`, `username`, `password`, `account_type`, `date_created`) VALUES
(1, 'admin', 'gwapa', 'female', '2014-09-11', 'cebu', '092123123', 'admingwapa@gmail.com', 'admin', 'admin', 'admin', 'lels'),
(3, 'r', 'r', 'female', '2014-09-04', 'r', '092324234', '', 'r', 'r', 'user', 'Friday, September 12 2014 @01:23 AM'),
(4, 'june', 'june', 'female', '2014-02-06', 'asd', '', 'asd', 'june', 'june', 'user', 'Monday, September 15 2014 @09:53 AM'),
(7, 'sss', 'ss', '', '2014-09-10', 'ss', '', 'ss', 'ss', 'ss', 'user', 'Monday, September 15 2014 @11:08 AM'),
(8, 'sss', 'ss', '', '2014-09-10', 'ss', '', 'ss', 'fgdhfgh', 'sd', 'user', 'Monday, September 15 2014 @11:09 AM'),
(9, '', '', '', '0000-00-00', '', '', '', 'oo', '', 'user', 'Monday, September 15 2014 @11:26 AM'),
(10, 'bb', 'bb', 'female', '2014-09-04', 'bb', 'bb', 'bb', 'bb', 'bb', 'user', 'Monday, September 15 2014 @12:58 PM'),
(11, '', '', '', '0000-00-00', '', '', '', 'q', '', 'user', 'Thursday, September 18 2014 @09:04 PM');

-- --------------------------------------------------------

--
-- Table structure for table `customer`
--

CREATE TABLE IF NOT EXISTS `customer` (
  `customer_account_id` int(20) NOT NULL,
  `customer_firstname` varchar(50) NOT NULL,
  `customer_lastname` varchar(50) NOT NULL,
  `customer_gender` varchar(10) NOT NULL,
  `customer_email` varchar(50) NOT NULL,
  `customer_address` varchar(50) NOT NULL,
  `customer_contact_number` varchar(50) NOT NULL,
  `date_ordered` timestamp NOT NULL DEFAULT CURRENT_TIMESTAMP ON UPDATE CURRENT_TIMESTAMP
) ENGINE=InnoDB DEFAULT CHARSET=latin1;

--
-- Dumping data for table `customer`
--

INSERT INTO `customer` (`customer_account_id`, `customer_firstname`, `customer_lastname`, `customer_gender`, `customer_email`, `customer_address`, `customer_contact_number`, `date_ordered`) VALUES
(1, 'admin', 'gwapa', 'female', 'admingwapa@gmail.com', 'cebu', '', '2014-09-14 15:39:47'),
(1, 'admin', 'gwapa', 'female', 'admingwapa@gmail.com', 'cebu', '', '2014-09-14 15:39:47'),
(1, 'admin', 'gwapa', 'female', 'admingwapa@gmail.com', 'cebu', '', '2014-09-14 15:45:47'),
(1, 'admin', 'gwapa', 'female', 'admingwapa@gmail.com', 'cebu', '', '2014-09-14 15:47:18'),
(1, 'admin', 'gwapa', 'female', 'admingwapa@gmail.com', 'cebu', '', '2014-09-14 15:47:44'),
(1, 'admin', 'gwapa', 'female', 'admingwapa@gmail.com', 'cebu', '', '2014-09-14 15:48:26'),
(1, 'admin', 'gwapa', 'female', 'admingwapa@gmail.com', 'cebu', '', '2014-09-14 15:50:49'),
(3, 'r', 'r', 'female', '', 'r', '092324234', '2014-09-14 15:56:07'),
(4, 'june', 'june', 'female', 'asd', 'asd', '', '2014-09-15 01:55:33'),
(1, 'admin', 'gwapa', 'female', 'admingwapa@gmail.com', 'cebu', '092123123', '2014-09-15 02:07:27'),
(1, 'admin', 'gwapa', 'female', 'admingwapa@gmail.com', 'cebu', '092123123', '2014-09-15 02:10:29'),
(1, 'admin', 'gwapa', 'female', 'admingwapa@gmail.com', 'cebu', '092123123', '2014-09-15 02:11:35'),
(1, 'admin', 'gwapa', 'female', 'admingwapa@gmail.com', 'cebu', '092123123', '2014-09-15 02:16:29'),
(1, 'admin', 'gwapa', 'female', 'admingwapa@gmail.com', 'cebu', '092123123', '2014-09-15 10:17:15'),
(1, 'admin', 'gwapa', 'female', 'admingwapa@gmail.com', 'cebu', '092123123', '2014-09-18 13:12:23'),
(3, 'r', 'r', 'female', '', 'r', '092324234', '2014-09-26 09:39:32'),
(3, 'r', 'r', 'female', '', 'r', '092324234', '2014-09-26 09:39:32'),
(3, 'r', 'r', 'female', '', 'r', '092324234', '2014-09-26 09:39:32'),
(3, 'r', 'r', 'female', '', 'r', '092324234', '2014-09-26 09:39:32'),
(3, 'r', 'r', 'female', '', 'r', '092324234', '2014-09-26 09:39:32'),
(3, 'r', 'r', 'female', '', 'r', '092324234', '2014-09-26 09:39:32'),
(3, 'r', 'r', 'female', '', 'r', '092324234', '2014-09-26 09:39:32'),
(3, 'r', 'r', 'female', '', 'r', '092324234', '2014-09-26 09:39:32'),
(3, 'r', 'r', 'female', '', 'r', '092324234', '2014-09-26 09:39:32'),
(3, 'r', 'r', 'female', '', 'r', '092324234', '2014-09-26 09:39:32'),
(3, 'r', 'r', 'female', '', 'r', '092324234', '2014-09-26 09:39:33'),
(3, 'r', 'r', 'female', '', 'r', '092324234', '2014-09-26 09:39:33'),
(3, 'r', 'r', 'female', '', 'r', '092324234', '2014-09-26 09:39:33'),
(3, 'r', 'r', 'female', '', 'r', '092324234', '2014-09-26 09:39:33'),
(3, 'r', 'r', 'female', '', 'r', '092324234', '2014-09-26 09:39:33'),
(3, 'r', 'r', 'female', '', 'r', '092324234', '2014-09-26 09:39:33'),
(3, 'r', 'r', 'female', '', 'r', '092324234', '2014-09-26 09:39:33'),
(3, 'r', 'r', 'female', '', 'r', '092324234', '2014-09-26 09:39:33'),
(3, 'r', 'r', 'female', '', 'r', '092324234', '2014-09-26 09:39:33'),
(3, 'r', 'r', 'female', '', 'r', '092324234', '2014-09-26 09:39:33'),
(3, 'r', 'r', 'female', '', 'r', '092324234', '2014-09-26 09:39:33'),
(3, 'r', 'r', 'female', '', 'r', '092324234', '2014-09-26 09:39:33'),
(3, 'r', 'r', 'female', '', 'r', '092324234', '2014-09-26 09:39:33'),
(3, 'r', 'r', 'female', '', 'r', '092324234', '2014-09-26 09:39:33'),
(3, 'r', 'r', 'female', '', 'r', '092324234', '2014-09-26 09:39:33'),
(3, 'r', 'r', 'female', '', 'r', '092324234', '2014-09-26 09:39:33'),
(3, 'r', 'r', 'female', '', 'r', '092324234', '2014-09-26 09:39:33'),
(3, 'r', 'r', 'female', '', 'r', '092324234', '2014-09-26 09:39:34'),
(3, 'r', 'r', 'female', '', 'r', '092324234', '2014-09-26 09:39:34'),
(3, 'r', 'r', 'female', '', 'r', '092324234', '2014-09-26 09:39:34'),
(3, 'r', 'r', 'female', '', 'r', '092324234', '2014-09-26 09:39:34'),
(3, 'r', 'r', 'female', '', 'r', '092324234', '2014-09-26 09:39:34'),
(3, 'r', 'r', 'female', '', 'r', '092324234', '2014-09-26 09:39:34'),
(3, 'r', 'r', 'female', '', 'r', '092324234', '2014-09-26 09:39:34'),
(3, 'r', 'r', 'female', '', 'r', '092324234', '2014-09-26 09:39:34'),
(3, 'r', 'r', 'female', '', 'r', '092324234', '2014-09-26 09:39:34'),
(3, 'r', 'r', 'female', '', 'r', '092324234', '2014-09-26 09:39:34'),
(3, 'r', 'r', 'female', '', 'r', '092324234', '2014-09-26 09:39:34'),
(3, 'r', 'r', 'female', '', 'r', '092324234', '2014-09-26 09:39:34'),
(3, 'r', 'r', 'female', '', 'r', '092324234', '2014-09-26 09:39:34'),
(3, 'r', 'r', 'female', '', 'r', '092324234', '2014-09-26 09:39:34'),
(3, 'r', 'r', 'female', '', 'r', '092324234', '2014-09-26 09:39:34'),
(3, 'r', 'r', 'female', '', 'r', '092324234', '2014-09-26 09:40:45'),
(3, 'r', 'r', 'female', '', 'r', '092324234', '2014-09-26 09:40:45'),
(3, 'r', 'r', 'female', '', 'r', '092324234', '2014-09-26 09:40:45'),
(3, 'r', 'r', 'female', '', 'r', '092324234', '2014-09-26 09:40:45'),
(3, 'r', 'r', 'female', '', 'r', '092324234', '2014-09-26 09:40:45'),
(3, 'r', 'r', 'female', '', 'r', '092324234', '2014-09-26 09:40:45'),
(3, 'r', 'r', 'female', '', 'r', '092324234', '2014-09-26 09:40:45'),
(3, 'r', 'r', 'female', '', 'r', '092324234', '2014-09-26 09:40:45'),
(3, 'r', 'r', 'female', '', 'r', '092324234', '2014-09-26 09:40:45'),
(3, 'r', 'r', 'female', '', 'r', '092324234', '2014-09-26 09:40:45'),
(3, 'r', 'r', 'female', '', 'r', '092324234', '2014-09-26 09:40:45'),
(3, 'r', 'r', 'female', '', 'r', '092324234', '2014-09-26 09:40:45'),
(3, 'r', 'r', 'female', '', 'r', '092324234', '2014-09-26 09:40:45'),
(3, 'r', 'r', 'female', '', 'r', '092324234', '2014-09-26 09:40:45'),
(3, 'r', 'r', 'female', '', 'r', '092324234', '2014-09-26 09:40:45'),
(3, 'r', 'r', 'female', '', 'r', '092324234', '2014-09-26 09:40:45'),
(3, 'r', 'r', 'female', '', 'r', '092324234', '2014-09-26 09:40:45'),
(3, 'r', 'r', 'female', '', 'r', '092324234', '2014-09-26 09:40:45'),
(3, 'r', 'r', 'female', '', 'r', '092324234', '2014-09-26 09:40:45'),
(3, 'r', 'r', 'female', '', 'r', '092324234', '2014-09-26 09:40:45'),
(3, 'r', 'r', 'female', '', 'r', '092324234', '2014-09-26 09:40:46'),
(3, 'r', 'r', 'female', '', 'r', '092324234', '2014-09-26 09:40:46'),
(3, 'r', 'r', 'female', '', 'r', '092324234', '2014-09-26 09:40:46'),
(3, 'r', 'r', 'female', '', 'r', '092324234', '2014-09-26 09:40:46'),
(3, 'r', 'r', 'female', '', 'r', '092324234', '2014-09-26 09:40:46'),
(3, 'r', 'r', 'female', '', 'r', '092324234', '2014-09-26 09:40:46'),
(3, 'r', 'r', 'female', '', 'r', '092324234', '2014-09-26 09:40:46'),
(3, 'r', 'r', 'female', '', 'r', '092324234', '2014-09-26 09:40:46'),
(3, 'r', 'r', 'female', '', 'r', '092324234', '2014-09-26 09:40:46'),
(3, 'r', 'r', 'female', '', 'r', '092324234', '2014-09-26 09:40:46'),
(3, 'r', 'r', 'female', '', 'r', '092324234', '2014-09-26 09:40:46'),
(3, 'r', 'r', 'female', '', 'r', '092324234', '2014-09-26 09:40:46'),
(3, 'r', 'r', 'female', '', 'r', '092324234', '2014-09-26 09:40:46'),
(3, 'r', 'r', 'female', '', 'r', '092324234', '2014-09-26 09:40:46'),
(3, 'r', 'r', 'female', '', 'r', '092324234', '2014-09-26 09:40:46'),
(3, 'r', 'r', 'female', '', 'r', '092324234', '2014-09-26 09:40:46'),
(3, 'r', 'r', 'female', '', 'r', '092324234', '2014-09-26 09:40:46'),
(3, 'r', 'r', 'female', '', 'r', '092324234', '2014-09-26 09:40:46'),
(3, 'r', 'r', 'female', '', 'r', '092324234', '2014-09-26 09:40:46'),
(3, 'r', 'r', 'female', '', 'r', '092324234', '2014-09-26 09:40:46'),
(3, 'r', 'r', 'female', '', 'r', '092324234', '2014-09-26 09:40:46'),
(3, 'r', 'r', 'female', '', 'r', '092324234', '2014-09-26 09:40:46'),
(3, 'r', 'r', 'female', '', 'r', '092324234', '2014-09-26 09:40:51'),
(3, 'r', 'r', 'female', '', 'r', '092324234', '2014-09-26 09:40:51'),
(3, 'r', 'r', 'female', '', 'r', '092324234', '2014-09-26 09:40:51'),
(3, 'r', 'r', 'female', '', 'r', '092324234', '2014-09-26 09:40:51'),
(3, 'r', 'r', 'female', '', 'r', '092324234', '2014-09-26 09:40:51'),
(3, 'r', 'r', 'female', '', 'r', '092324234', '2014-09-26 09:40:51'),
(3, 'r', 'r', 'female', '', 'r', '092324234', '2014-09-26 09:40:51'),
(3, 'r', 'r', 'female', '', 'r', '092324234', '2014-09-26 09:40:51'),
(3, 'r', 'r', 'female', '', 'r', '092324234', '2014-09-26 09:40:51'),
(3, 'r', 'r', 'female', '', 'r', '092324234', '2014-09-26 09:40:52'),
(3, 'r', 'r', 'female', '', 'r', '092324234', '2014-09-26 09:40:52'),
(3, 'r', 'r', 'female', '', 'r', '092324234', '2014-09-26 09:40:52'),
(3, 'r', 'r', 'female', '', 'r', '092324234', '2014-09-26 09:40:52'),
(3, 'r', 'r', 'female', '', 'r', '092324234', '2014-09-26 09:40:52'),
(3, 'r', 'r', 'female', '', 'r', '092324234', '2014-09-26 09:40:52'),
(3, 'r', 'r', 'female', '', 'r', '092324234', '2014-09-26 09:40:52'),
(3, 'r', 'r', 'female', '', 'r', '092324234', '2014-09-26 09:40:52'),
(3, 'r', 'r', 'female', '', 'r', '092324234', '2014-09-26 09:40:52'),
(3, 'r', 'r', 'female', '', 'r', '092324234', '2014-09-26 09:40:52'),
(3, 'r', 'r', 'female', '', 'r', '092324234', '2014-09-26 09:40:52'),
(3, 'r', 'r', 'female', '', 'r', '092324234', '2014-09-26 09:40:52'),
(1, 'admin', 'gwapa', 'female', 'admingwapa@gmail.com', 'cebu', '092123123', '2014-09-26 10:37:06'),
(1, 'admin', 'gwapa', 'female', 'admingwapa@gmail.com', 'cebu', '092123123', '2014-09-26 10:37:07'),
(1, 'admin', 'gwapa', 'female', 'admingwapa@gmail.com', 'cebu', '092123123', '2014-09-26 10:37:07'),
(1, 'admin', 'gwapa', 'female', 'admingwapa@gmail.com', 'cebu', '092123123', '2014-09-26 10:37:07'),
(1, 'admin', 'gwapa', 'female', 'admingwapa@gmail.com', 'cebu', '092123123', '2014-09-26 10:37:07'),
(1, 'admin', 'gwapa', 'female', 'admingwapa@gmail.com', 'cebu', '092123123', '2014-09-26 10:37:07'),
(1, 'admin', 'gwapa', 'female', 'admingwapa@gmail.com', 'cebu', '092123123', '2014-09-26 10:37:07'),
(1, 'admin', 'gwapa', 'female', 'admingwapa@gmail.com', 'cebu', '092123123', '2014-09-26 10:37:07'),
(1, 'admin', 'gwapa', 'female', 'admingwapa@gmail.com', 'cebu', '092123123', '2014-09-26 10:37:07'),
(1, 'admin', 'gwapa', 'female', 'admingwapa@gmail.com', 'cebu', '092123123', '2014-09-26 10:37:07'),
(1, 'admin', 'gwapa', 'female', 'admingwapa@gmail.com', 'cebu', '092123123', '2014-09-26 10:37:07'),
(1, 'admin', 'gwapa', 'female', 'admingwapa@gmail.com', 'cebu', '092123123', '2014-09-26 10:37:07'),
(1, 'admin', 'gwapa', 'female', 'admingwapa@gmail.com', 'cebu', '092123123', '2014-09-26 10:37:07'),
(1, 'admin', 'gwapa', 'female', 'admingwapa@gmail.com', 'cebu', '092123123', '2014-09-26 10:37:07'),
(1, 'admin', 'gwapa', 'female', 'admingwapa@gmail.com', 'cebu', '092123123', '2014-09-26 10:37:07'),
(1, 'admin', 'gwapa', 'female', 'admingwapa@gmail.com', 'cebu', '092123123', '2014-09-26 10:37:07'),
(1, 'admin', 'gwapa', 'female', 'admingwapa@gmail.com', 'cebu', '092123123', '2014-09-26 10:37:08'),
(1, 'admin', 'gwapa', 'female', 'admingwapa@gmail.com', 'cebu', '092123123', '2014-09-26 10:37:08'),
(1, 'admin', 'gwapa', 'female', 'admingwapa@gmail.com', 'cebu', '092123123', '2014-09-26 10:37:08'),
(1, 'admin', 'gwapa', 'female', 'admingwapa@gmail.com', 'cebu', '092123123', '2014-09-26 10:37:08'),
(1, 'admin', 'gwapa', 'female', 'admingwapa@gmail.com', 'cebu', '092123123', '2014-09-26 10:37:08'),
(1, 'admin', 'gwapa', 'female', 'admingwapa@gmail.com', 'cebu', '092123123', '2014-09-26 10:37:08'),
(1, 'admin', 'gwapa', 'female', 'admingwapa@gmail.com', 'cebu', '092123123', '2014-09-26 10:37:08'),
(1, 'admin', 'gwapa', 'female', 'admingwapa@gmail.com', 'cebu', '092123123', '2014-09-26 10:37:08'),
(1, 'admin', 'gwapa', 'female', 'admingwapa@gmail.com', 'cebu', '092123123', '2014-09-26 10:37:08'),
(1, 'admin', 'gwapa', 'female', 'admingwapa@gmail.com', 'cebu', '092123123', '2014-09-26 10:37:08'),
(1, 'admin', 'gwapa', 'female', 'admingwapa@gmail.com', 'cebu', '092123123', '2014-09-26 10:37:08'),
(1, 'admin', 'gwapa', 'female', 'admingwapa@gmail.com', 'cebu', '092123123', '2014-09-26 10:37:08'),
(1, 'admin', 'gwapa', 'female', 'admingwapa@gmail.com', 'cebu', '092123123', '2014-09-26 10:37:08'),
(1, 'admin', 'gwapa', 'female', 'admingwapa@gmail.com', 'cebu', '092123123', '2014-09-26 10:37:08'),
(1, 'admin', 'gwapa', 'female', 'admingwapa@gmail.com', 'cebu', '092123123', '2014-09-26 10:37:08'),
(1, 'admin', 'gwapa', 'female', 'admingwapa@gmail.com', 'cebu', '092123123', '2014-09-26 10:37:08'),
(1, 'admin', 'gwapa', 'female', 'admingwapa@gmail.com', 'cebu', '092123123', '2014-09-26 10:37:08'),
(1, 'admin', 'gwapa', 'female', 'admingwapa@gmail.com', 'cebu', '092123123', '2014-09-26 10:37:08'),
(1, 'admin', 'gwapa', 'female', 'admingwapa@gmail.com', 'cebu', '092123123', '2014-09-26 10:37:08'),
(1, 'admin', 'gwapa', 'female', 'admingwapa@gmail.com', 'cebu', '092123123', '2014-09-26 10:37:08'),
(1, 'admin', 'gwapa', 'female', 'admingwapa@gmail.com', 'cebu', '092123123', '2014-09-26 10:37:08'),
(1, 'admin', 'gwapa', 'female', 'admingwapa@gmail.com', 'cebu', '092123123', '2014-09-26 10:37:09'),
(1, 'admin', 'gwapa', 'female', 'admingwapa@gmail.com', 'cebu', '092123123', '2014-09-26 10:37:09'),
(1, 'admin', 'gwapa', 'female', 'admingwapa@gmail.com', 'cebu', '092123123', '2014-09-26 10:37:09'),
(1, 'admin', 'gwapa', 'female', 'admingwapa@gmail.com', 'cebu', '092123123', '2014-09-26 10:37:09'),
(1, 'admin', 'gwapa', 'female', 'admingwapa@gmail.com', 'cebu', '092123123', '2014-09-26 10:37:09'),
(1, 'admin', 'gwapa', 'female', 'admingwapa@gmail.com', 'cebu', '092123123', '2014-09-26 10:38:03'),
(1, 'admin', 'gwapa', 'female', 'admingwapa@gmail.com', 'cebu', '092123123', '2014-09-26 10:38:03'),
(1, 'admin', 'gwapa', 'female', 'admingwapa@gmail.com', 'cebu', '092123123', '2014-09-26 10:38:03'),
(1, 'admin', 'gwapa', 'female', 'admingwapa@gmail.com', 'cebu', '092123123', '2014-09-26 10:38:03'),
(1, 'admin', 'gwapa', 'female', 'admingwapa@gmail.com', 'cebu', '092123123', '2014-09-26 10:38:04'),
(1, 'admin', 'gwapa', 'female', 'admingwapa@gmail.com', 'cebu', '092123123', '2014-09-26 10:38:04'),
(1, 'admin', 'gwapa', 'female', 'admingwapa@gmail.com', 'cebu', '092123123', '2014-09-26 10:38:04'),
(1, 'admin', 'gwapa', 'female', 'admingwapa@gmail.com', 'cebu', '092123123', '2014-09-26 10:38:04'),
(1, 'admin', 'gwapa', 'female', 'admingwapa@gmail.com', 'cebu', '092123123', '2014-09-26 10:38:04'),
(1, 'admin', 'gwapa', 'female', 'admingwapa@gmail.com', 'cebu', '092123123', '2014-09-26 10:38:04'),
(1, 'admin', 'gwapa', 'female', 'admingwapa@gmail.com', 'cebu', '092123123', '2014-09-26 10:38:04'),
(1, 'admin', 'gwapa', 'female', 'admingwapa@gmail.com', 'cebu', '092123123', '2014-09-26 10:38:04'),
(1, 'admin', 'gwapa', 'female', 'admingwapa@gmail.com', 'cebu', '092123123', '2014-09-26 10:38:04'),
(1, 'admin', 'gwapa', 'female', 'admingwapa@gmail.com', 'cebu', '092123123', '2014-09-26 10:38:04'),
(1, 'admin', 'gwapa', 'female', 'admingwapa@gmail.com', 'cebu', '092123123', '2014-09-26 10:38:04'),
(1, 'admin', 'gwapa', 'female', 'admingwapa@gmail.com', 'cebu', '092123123', '2014-09-26 10:38:04'),
(1, 'admin', 'gwapa', 'female', 'admingwapa@gmail.com', 'cebu', '092123123', '2014-09-26 10:38:04'),
(1, 'admin', 'gwapa', 'female', 'admingwapa@gmail.com', 'cebu', '092123123', '2014-09-26 10:38:04'),
(1, 'admin', 'gwapa', 'female', 'admingwapa@gmail.com', 'cebu', '092123123', '2014-09-26 10:38:04'),
(1, 'admin', 'gwapa', 'female', 'admingwapa@gmail.com', 'cebu', '092123123', '2014-09-26 10:38:04'),
(1, 'admin', 'gwapa', 'female', 'admingwapa@gmail.com', 'cebu', '092123123', '2014-09-26 10:38:04'),
(1, 'admin', 'gwapa', 'female', 'admingwapa@gmail.com', 'cebu', '092123123', '2014-09-26 10:38:04'),
(1, 'admin', 'gwapa', 'female', 'admingwapa@gmail.com', 'cebu', '092123123', '2014-09-26 10:38:04'),
(1, 'admin', 'gwapa', 'female', 'admingwapa@gmail.com', 'cebu', '092123123', '2014-09-26 10:38:04'),
(1, 'admin', 'gwapa', 'female', 'admingwapa@gmail.com', 'cebu', '092123123', '2014-09-26 10:38:04'),
(1, 'admin', 'gwapa', 'female', 'admingwapa@gmail.com', 'cebu', '092123123', '2014-09-26 10:38:04'),
(1, 'admin', 'gwapa', 'female', 'admingwapa@gmail.com', 'cebu', '092123123', '2014-09-26 10:38:04'),
(1, 'admin', 'gwapa', 'female', 'admingwapa@gmail.com', 'cebu', '092123123', '2014-09-26 10:38:04'),
(1, 'admin', 'gwapa', 'female', 'admingwapa@gmail.com', 'cebu', '092123123', '2014-09-26 10:38:04'),
(1, 'admin', 'gwapa', 'female', 'admingwapa@gmail.com', 'cebu', '092123123', '2014-09-26 10:38:04'),
(1, 'admin', 'gwapa', 'female', 'admingwapa@gmail.com', 'cebu', '092123123', '2014-09-26 10:38:04'),
(1, 'admin', 'gwapa', 'female', 'admingwapa@gmail.com', 'cebu', '092123123', '2014-09-26 10:38:05'),
(1, 'admin', 'gwapa', 'female', 'admingwapa@gmail.com', 'cebu', '092123123', '2014-09-26 10:38:05'),
(1, 'admin', 'gwapa', 'female', 'admingwapa@gmail.com', 'cebu', '092123123', '2014-09-26 10:38:05'),
(1, 'admin', 'gwapa', 'female', 'admingwapa@gmail.com', 'cebu', '092123123', '2014-09-26 10:38:05'),
(1, 'admin', 'gwapa', 'female', 'admingwapa@gmail.com', 'cebu', '092123123', '2014-09-26 10:38:05'),
(1, 'admin', 'gwapa', 'female', 'admingwapa@gmail.com', 'cebu', '092123123', '2014-09-26 10:38:05'),
(1, 'admin', 'gwapa', 'female', 'admingwapa@gmail.com', 'cebu', '092123123', '2014-09-26 10:38:05'),
(1, 'admin', 'gwapa', 'female', 'admingwapa@gmail.com', 'cebu', '092123123', '2014-09-26 10:38:05'),
(1, 'admin', 'gwapa', 'female', 'admingwapa@gmail.com', 'cebu', '092123123', '2014-09-26 10:38:05'),
(1, 'admin', 'gwapa', 'female', 'admingwapa@gmail.com', 'cebu', '092123123', '2014-09-26 10:38:05'),
(1, 'admin', 'gwapa', 'female', 'admingwapa@gmail.com', 'cebu', '092123123', '2014-09-26 10:38:05'),
(1, 'admin', 'gwapa', 'female', 'admingwapa@gmail.com', 'cebu', '092123123', '2014-09-26 10:38:10'),
(1, 'admin', 'gwapa', 'female', 'admingwapa@gmail.com', 'cebu', '092123123', '2014-09-26 10:38:10'),
(1, 'admin', 'gwapa', 'female', 'admingwapa@gmail.com', 'cebu', '092123123', '2014-09-26 10:38:10'),
(1, 'admin', 'gwapa', 'female', 'admingwapa@gmail.com', 'cebu', '092123123', '2014-09-26 10:38:10'),
(1, 'admin', 'gwapa', 'female', 'admingwapa@gmail.com', 'cebu', '092123123', '2014-09-26 10:38:10'),
(1, 'admin', 'gwapa', 'female', 'admingwapa@gmail.com', 'cebu', '092123123', '2014-09-26 10:38:10'),
(1, 'admin', 'gwapa', 'female', 'admingwapa@gmail.com', 'cebu', '092123123', '2014-09-26 10:38:10'),
(1, 'admin', 'gwapa', 'female', 'admingwapa@gmail.com', 'cebu', '092123123', '2014-09-26 10:38:10'),
(1, 'admin', 'gwapa', 'female', 'admingwapa@gmail.com', 'cebu', '092123123', '2014-09-26 10:38:10'),
(1, 'admin', 'gwapa', 'female', 'admingwapa@gmail.com', 'cebu', '092123123', '2014-09-26 10:38:10'),
(1, 'admin', 'gwapa', 'female', 'admingwapa@gmail.com', 'cebu', '092123123', '2014-09-26 10:38:10'),
(1, 'admin', 'gwapa', 'female', 'admingwapa@gmail.com', 'cebu', '092123123', '2014-09-26 10:38:10'),
(1, 'admin', 'gwapa', 'female', 'admingwapa@gmail.com', 'cebu', '092123123', '2014-09-26 10:38:10'),
(1, 'admin', 'gwapa', 'female', 'admingwapa@gmail.com', 'cebu', '092123123', '2014-09-26 10:38:10'),
(1, 'admin', 'gwapa', 'female', 'admingwapa@gmail.com', 'cebu', '092123123', '2014-09-26 10:38:10'),
(1, 'admin', 'gwapa', 'female', 'admingwapa@gmail.com', 'cebu', '092123123', '2014-09-26 10:38:11'),
(1, 'admin', 'gwapa', 'female', 'admingwapa@gmail.com', 'cebu', '092123123', '2014-09-26 10:38:11'),
(1, 'admin', 'gwapa', 'female', 'admingwapa@gmail.com', 'cebu', '092123123', '2014-09-26 10:38:11'),
(1, 'admin', 'gwapa', 'female', 'admingwapa@gmail.com', 'cebu', '092123123', '2014-09-26 10:38:11'),
(1, 'admin', 'gwapa', 'female', 'admingwapa@gmail.com', 'cebu', '092123123', '2014-09-26 10:38:11'),
(1, 'admin', 'gwapa', 'female', 'admingwapa@gmail.com', 'cebu', '092123123', '2014-09-26 10:38:11'),
(1, 'admin', 'gwapa', 'female', 'admingwapa@gmail.com', 'cebu', '092123123', '2014-09-26 10:38:28'),
(1, 'admin', 'gwapa', 'female', 'admingwapa@gmail.com', 'cebu', '092123123', '2014-09-26 10:38:28'),
(1, 'admin', 'gwapa', 'female', 'admingwapa@gmail.com', 'cebu', '092123123', '2014-09-26 10:38:28'),
(1, 'admin', 'gwapa', 'female', 'admingwapa@gmail.com', 'cebu', '092123123', '2014-09-26 10:38:28'),
(1, 'admin', 'gwapa', 'female', 'admingwapa@gmail.com', 'cebu', '092123123', '2014-09-26 10:38:28'),
(1, 'admin', 'gwapa', 'female', 'admingwapa@gmail.com', 'cebu', '092123123', '2014-09-26 10:38:28'),
(1, 'admin', 'gwapa', 'female', 'admingwapa@gmail.com', 'cebu', '092123123', '2014-09-26 10:38:28'),
(1, 'admin', 'gwapa', 'female', 'admingwapa@gmail.com', 'cebu', '092123123', '2014-09-26 10:38:28'),
(1, 'admin', 'gwapa', 'female', 'admingwapa@gmail.com', 'cebu', '092123123', '2014-09-26 10:38:28'),
(1, 'admin', 'gwapa', 'female', 'admingwapa@gmail.com', 'cebu', '092123123', '2014-09-26 10:38:28'),
(1, 'admin', 'gwapa', 'female', 'admingwapa@gmail.com', 'cebu', '092123123', '2014-09-26 10:38:28'),
(1, 'admin', 'gwapa', 'female', 'admingwapa@gmail.com', 'cebu', '092123123', '2014-09-26 10:38:29'),
(1, 'admin', 'gwapa', 'female', 'admingwapa@gmail.com', 'cebu', '092123123', '2014-09-26 10:38:29'),
(1, 'admin', 'gwapa', 'female', 'admingwapa@gmail.com', 'cebu', '092123123', '2014-09-26 10:38:29'),
(1, 'admin', 'gwapa', 'female', 'admingwapa@gmail.com', 'cebu', '092123123', '2014-09-26 10:38:29'),
(1, 'admin', 'gwapa', 'female', 'admingwapa@gmail.com', 'cebu', '092123123', '2014-09-26 10:38:29'),
(1, 'admin', 'gwapa', 'female', 'admingwapa@gmail.com', 'cebu', '092123123', '2014-09-26 10:38:29'),
(1, 'admin', 'gwapa', 'female', 'admingwapa@gmail.com', 'cebu', '092123123', '2014-09-26 10:38:29'),
(1, 'admin', 'gwapa', 'female', 'admingwapa@gmail.com', 'cebu', '092123123', '2014-09-26 10:38:29'),
(1, 'admin', 'gwapa', 'female', 'admingwapa@gmail.com', 'cebu', '092123123', '2014-09-26 10:38:29'),
(1, 'admin', 'gwapa', 'female', 'admingwapa@gmail.com', 'cebu', '092123123', '2014-09-26 10:38:29'),
(1, 'admin', 'gwapa', 'female', 'admingwapa@gmail.com', 'cebu', '092123123', '2014-09-26 10:38:29'),
(1, 'admin', 'gwapa', 'female', 'admingwapa@gmail.com', 'cebu', '092123123', '2014-09-26 10:38:29'),
(1, 'admin', 'gwapa', 'female', 'admingwapa@gmail.com', 'cebu', '092123123', '2014-09-26 10:38:29'),
(1, 'admin', 'gwapa', 'female', 'admingwapa@gmail.com', 'cebu', '092123123', '2014-09-26 10:38:29'),
(1, 'admin', 'gwapa', 'female', 'admingwapa@gmail.com', 'cebu', '092123123', '2014-09-26 10:38:29'),
(1, 'admin', 'gwapa', 'female', 'admingwapa@gmail.com', 'cebu', '092123123', '2014-09-26 10:38:29'),
(1, 'admin', 'gwapa', 'female', 'admingwapa@gmail.com', 'cebu', '092123123', '2014-09-26 10:38:29'),
(1, 'admin', 'gwapa', 'female', 'admingwapa@gmail.com', 'cebu', '092123123', '2014-09-26 10:38:29'),
(1, 'admin', 'gwapa', 'female', 'admingwapa@gmail.com', 'cebu', '092123123', '2014-09-26 10:38:29'),
(1, 'admin', 'gwapa', 'female', 'admingwapa@gmail.com', 'cebu', '092123123', '2014-09-26 10:38:29'),
(1, 'admin', 'gwapa', 'female', 'admingwapa@gmail.com', 'cebu', '092123123', '2014-09-26 10:38:29'),
(1, 'admin', 'gwapa', 'female', 'admingwapa@gmail.com', 'cebu', '092123123', '2014-09-26 10:38:29'),
(1, 'admin', 'gwapa', 'female', 'admingwapa@gmail.com', 'cebu', '092123123', '2014-09-26 10:38:29'),
(1, 'admin', 'gwapa', 'female', 'admingwapa@gmail.com', 'cebu', '092123123', '2014-09-26 10:38:30'),
(1, 'admin', 'gwapa', 'female', 'admingwapa@gmail.com', 'cebu', '092123123', '2014-09-26 10:38:30'),
(1, 'admin', 'gwapa', 'female', 'admingwapa@gmail.com', 'cebu', '092123123', '2014-09-26 10:38:30'),
(1, 'admin', 'gwapa', 'female', 'admingwapa@gmail.com', 'cebu', '092123123', '2014-09-26 10:38:30'),
(1, 'admin', 'gwapa', 'female', 'admingwapa@gmail.com', 'cebu', '092123123', '2014-09-26 10:38:30'),
(1, 'admin', 'gwapa', 'female', 'admingwapa@gmail.com', 'cebu', '092123123', '2014-09-26 10:38:30'),
(1, 'admin', 'gwapa', 'female', 'admingwapa@gmail.com', 'cebu', '092123123', '2014-09-26 10:38:30'),
(1, 'admin', 'gwapa', 'female', 'admingwapa@gmail.com', 'cebu', '092123123', '2014-09-26 10:38:30'),
(1, 'admin', 'gwapa', 'female', 'admingwapa@gmail.com', 'cebu', '092123123', '2014-09-26 10:40:13'),
(1, 'admin', 'gwapa', 'female', 'admingwapa@gmail.com', 'cebu', '092123123', '2014-09-26 10:40:13'),
(1, 'admin', 'gwapa', 'female', 'admingwapa@gmail.com', 'cebu', '092123123', '2014-09-26 10:40:13'),
(1, 'admin', 'gwapa', 'female', 'admingwapa@gmail.com', 'cebu', '092123123', '2014-09-26 10:40:13'),
(1, 'admin', 'gwapa', 'female', 'admingwapa@gmail.com', 'cebu', '092123123', '2014-09-26 10:40:13'),
(1, 'admin', 'gwapa', 'female', 'admingwapa@gmail.com', 'cebu', '092123123', '2014-09-26 10:40:13'),
(1, 'admin', 'gwapa', 'female', 'admingwapa@gmail.com', 'cebu', '092123123', '2014-09-26 10:40:13'),
(1, 'admin', 'gwapa', 'female', 'admingwapa@gmail.com', 'cebu', '092123123', '2014-09-26 10:40:13'),
(1, 'admin', 'gwapa', 'female', 'admingwapa@gmail.com', 'cebu', '092123123', '2014-09-26 10:40:13'),
(1, 'admin', 'gwapa', 'female', 'admingwapa@gmail.com', 'cebu', '092123123', '2014-09-26 10:40:13'),
(1, 'admin', 'gwapa', 'female', 'admingwapa@gmail.com', 'cebu', '092123123', '2014-09-26 10:40:13'),
(1, 'admin', 'gwapa', 'female', 'admingwapa@gmail.com', 'cebu', '092123123', '2014-09-26 10:40:13'),
(1, 'admin', 'gwapa', 'female', 'admingwapa@gmail.com', 'cebu', '092123123', '2014-09-26 10:40:13'),
(1, 'admin', 'gwapa', 'female', 'admingwapa@gmail.com', 'cebu', '092123123', '2014-09-26 10:40:13'),
(1, 'admin', 'gwapa', 'female', 'admingwapa@gmail.com', 'cebu', '092123123', '2014-09-26 10:40:14'),
(1, 'admin', 'gwapa', 'female', 'admingwapa@gmail.com', 'cebu', '092123123', '2014-09-26 10:40:14'),
(1, 'admin', 'gwapa', 'female', 'admingwapa@gmail.com', 'cebu', '092123123', '2014-09-26 10:40:14'),
(1, 'admin', 'gwapa', 'female', 'admingwapa@gmail.com', 'cebu', '092123123', '2014-09-26 10:40:14'),
(1, 'admin', 'gwapa', 'female', 'admingwapa@gmail.com', 'cebu', '092123123', '2014-09-26 10:40:14'),
(1, 'admin', 'gwapa', 'female', 'admingwapa@gmail.com', 'cebu', '092123123', '2014-09-26 10:40:14'),
(1, 'admin', 'gwapa', 'female', 'admingwapa@gmail.com', 'cebu', '092123123', '2014-09-26 10:40:14'),
(1, 'admin', 'gwapa', 'female', 'admingwapa@gmail.com', 'cebu', '092123123', '2014-09-26 10:57:11'),
(1, 'admin', 'gwapa', 'female', 'admingwapa@gmail.com', 'cebu', '092123123', '2014-09-26 10:57:11'),
(1, 'admin', 'gwapa', 'female', 'admingwapa@gmail.com', 'cebu', '092123123', '2014-09-26 10:57:11'),
(1, 'admin', 'gwapa', 'female', 'admingwapa@gmail.com', 'cebu', '092123123', '2014-09-26 10:57:11'),
(1, 'admin', 'gwapa', 'female', 'admingwapa@gmail.com', 'cebu', '092123123', '2014-09-26 10:57:11'),
(1, 'admin', 'gwapa', 'female', 'admingwapa@gmail.com', 'cebu', '092123123', '2014-09-26 10:57:11'),
(1, 'admin', 'gwapa', 'female', 'admingwapa@gmail.com', 'cebu', '092123123', '2014-09-26 10:57:11'),
(1, 'admin', 'gwapa', 'female', 'admingwapa@gmail.com', 'cebu', '092123123', '2014-09-26 10:57:11'),
(1, 'admin', 'gwapa', 'female', 'admingwapa@gmail.com', 'cebu', '092123123', '2014-09-26 10:57:11'),
(1, 'admin', 'gwapa', 'female', 'admingwapa@gmail.com', 'cebu', '092123123', '2014-09-26 10:57:11'),
(1, 'admin', 'gwapa', 'female', 'admingwapa@gmail.com', 'cebu', '092123123', '2014-09-26 10:57:11'),
(1, 'admin', 'gwapa', 'female', 'admingwapa@gmail.com', 'cebu', '092123123', '2014-09-26 10:57:11'),
(1, 'admin', 'gwapa', 'female', 'admingwapa@gmail.com', 'cebu', '092123123', '2014-09-26 10:57:12'),
(1, 'admin', 'gwapa', 'female', 'admingwapa@gmail.com', 'cebu', '092123123', '2014-09-26 10:57:12'),
(1, 'admin', 'gwapa', 'female', 'admingwapa@gmail.com', 'cebu', '092123123', '2014-09-26 10:57:12'),
(1, 'admin', 'gwapa', 'female', 'admingwapa@gmail.com', 'cebu', '092123123', '2014-09-26 10:57:12'),
(1, 'admin', 'gwapa', 'female', 'admingwapa@gmail.com', 'cebu', '092123123', '2014-09-26 10:57:12'),
(1, 'admin', 'gwapa', 'female', 'admingwapa@gmail.com', 'cebu', '092123123', '2014-09-26 10:57:12'),
(1, 'admin', 'gwapa', 'female', 'admingwapa@gmail.com', 'cebu', '092123123', '2014-09-26 10:57:12'),
(1, 'admin', 'gwapa', 'female', 'admingwapa@gmail.com', 'cebu', '092123123', '2014-09-26 10:57:12'),
(1, 'admin', 'gwapa', 'female', 'admingwapa@gmail.com', 'cebu', '092123123', '2014-09-26 10:57:12'),
(1, 'admin', 'gwapa', 'female', 'admingwapa@gmail.com', 'cebu', '092123123', '2014-09-26 10:57:12'),
(1, 'admin', 'gwapa', 'female', 'admingwapa@gmail.com', 'cebu', '092123123', '2014-09-26 10:57:12'),
(1, 'admin', 'gwapa', 'female', 'admingwapa@gmail.com', 'cebu', '092123123', '2014-09-26 10:57:12'),
(1, 'admin', 'gwapa', 'female', 'admingwapa@gmail.com', 'cebu', '092123123', '2014-09-26 10:57:12'),
(1, 'admin', 'gwapa', 'female', 'admingwapa@gmail.com', 'cebu', '092123123', '2014-09-26 10:57:12'),
(1, 'admin', 'gwapa', 'female', 'admingwapa@gmail.com', 'cebu', '092123123', '2014-09-26 10:57:12'),
(1, 'admin', 'gwapa', 'female', 'admingwapa@gmail.com', 'cebu', '092123123', '2014-09-26 10:57:12'),
(1, 'admin', 'gwapa', 'female', 'admingwapa@gmail.com', 'cebu', '092123123', '2014-09-26 10:57:12'),
(1, 'admin', 'gwapa', 'female', 'admingwapa@gmail.com', 'cebu', '092123123', '2014-09-26 10:57:12'),
(1, 'admin', 'gwapa', 'female', 'admingwapa@gmail.com', 'cebu', '092123123', '2014-09-26 10:57:12'),
(1, 'admin', 'gwapa', 'female', 'admingwapa@gmail.com', 'cebu', '092123123', '2014-09-26 10:57:12'),
(1, 'admin', 'gwapa', 'female', 'admingwapa@gmail.com', 'cebu', '092123123', '2014-09-26 10:57:12'),
(1, 'admin', 'gwapa', 'female', 'admingwapa@gmail.com', 'cebu', '092123123', '2014-09-26 10:57:12'),
(1, 'admin', 'gwapa', 'female', 'admingwapa@gmail.com', 'cebu', '092123123', '2014-09-26 10:57:12'),
(1, 'admin', 'gwapa', 'female', 'admingwapa@gmail.com', 'cebu', '092123123', '2014-09-26 10:57:12'),
(1, 'admin', 'gwapa', 'female', 'admingwapa@gmail.com', 'cebu', '092123123', '2014-09-26 10:57:13'),
(1, 'admin', 'gwapa', 'female', 'admingwapa@gmail.com', 'cebu', '092123123', '2014-09-26 10:57:13'),
(1, 'admin', 'gwapa', 'female', 'admingwapa@gmail.com', 'cebu', '092123123', '2014-09-26 10:57:13'),
(1, 'admin', 'gwapa', 'female', 'admingwapa@gmail.com', 'cebu', '092123123', '2014-09-26 10:57:13'),
(1, 'admin', 'gwapa', 'female', 'admingwapa@gmail.com', 'cebu', '092123123', '2014-09-26 10:57:13'),
(1, 'admin', 'gwapa', 'female', 'admingwapa@gmail.com', 'cebu', '092123123', '2014-09-26 10:57:13'),
(1, 'admin', 'gwapa', 'female', 'admingwapa@gmail.com', 'cebu', '092123123', '2014-09-26 10:58:54'),
(1, 'admin', 'gwapa', 'female', 'admingwapa@gmail.com', 'cebu', '092123123', '2014-09-26 10:58:54'),
(1, 'admin', 'gwapa', 'female', 'admingwapa@gmail.com', 'cebu', '092123123', '2014-09-26 10:58:54'),
(1, 'admin', 'gwapa', 'female', 'admingwapa@gmail.com', 'cebu', '092123123', '2014-09-26 10:58:54'),
(1, 'admin', 'gwapa', 'female', 'admingwapa@gmail.com', 'cebu', '092123123', '2014-09-26 10:58:54'),
(1, 'admin', 'gwapa', 'female', 'admingwapa@gmail.com', 'cebu', '092123123', '2014-09-26 10:58:54'),
(1, 'admin', 'gwapa', 'female', 'admingwapa@gmail.com', 'cebu', '092123123', '2014-09-26 10:58:55'),
(1, 'admin', 'gwapa', 'female', 'admingwapa@gmail.com', 'cebu', '092123123', '2014-09-26 10:58:55'),
(1, 'admin', 'gwapa', 'female', 'admingwapa@gmail.com', 'cebu', '092123123', '2014-09-26 10:58:55'),
(1, 'admin', 'gwapa', 'female', 'admingwapa@gmail.com', 'cebu', '092123123', '2014-09-26 10:58:55'),
(1, 'admin', 'gwapa', 'female', 'admingwapa@gmail.com', 'cebu', '092123123', '2014-09-26 10:58:55'),
(1, 'admin', 'gwapa', 'female', 'admingwapa@gmail.com', 'cebu', '092123123', '2014-09-26 10:58:55'),
(1, 'admin', 'gwapa', 'female', 'admingwapa@gmail.com', 'cebu', '092123123', '2014-09-26 10:58:55'),
(1, 'admin', 'gwapa', 'female', 'admingwapa@gmail.com', 'cebu', '092123123', '2014-09-26 10:58:55'),
(1, 'admin', 'gwapa', 'female', 'admingwapa@gmail.com', 'cebu', '092123123', '2014-09-26 10:58:55'),
(1, 'admin', 'gwapa', 'female', 'admingwapa@gmail.com', 'cebu', '092123123', '2014-09-26 10:58:55'),
(1, 'admin', 'gwapa', 'female', 'admingwapa@gmail.com', 'cebu', '092123123', '2014-09-26 10:58:55'),
(1, 'admin', 'gwapa', 'female', 'admingwapa@gmail.com', 'cebu', '092123123', '2014-09-26 10:58:55'),
(1, 'admin', 'gwapa', 'female', 'admingwapa@gmail.com', 'cebu', '092123123', '2014-09-26 10:58:55'),
(1, 'admin', 'gwapa', 'female', 'admingwapa@gmail.com', 'cebu', '092123123', '2014-09-26 10:58:55'),
(1, 'admin', 'gwapa', 'female', 'admingwapa@gmail.com', 'cebu', '092123123', '2014-09-26 10:58:55'),
(1, 'admin', 'gwapa', 'female', 'admingwapa@gmail.com', 'cebu', '092123123', '2014-09-26 10:59:19'),
(1, 'admin', 'gwapa', 'female', 'admingwapa@gmail.com', 'cebu', '092123123', '2014-09-26 10:59:19'),
(1, 'admin', 'gwapa', 'female', 'admingwapa@gmail.com', 'cebu', '092123123', '2014-09-26 10:59:19'),
(1, 'admin', 'gwapa', 'female', 'admingwapa@gmail.com', 'cebu', '092123123', '2014-09-26 10:59:20'),
(1, 'admin', 'gwapa', 'female', 'admingwapa@gmail.com', 'cebu', '092123123', '2014-09-26 10:59:20'),
(1, 'admin', 'gwapa', 'female', 'admingwapa@gmail.com', 'cebu', '092123123', '2014-09-26 10:59:20'),
(1, 'admin', 'gwapa', 'female', 'admingwapa@gmail.com', 'cebu', '092123123', '2014-09-26 10:59:20'),
(1, 'admin', 'gwapa', 'female', 'admingwapa@gmail.com', 'cebu', '092123123', '2014-09-26 10:59:20'),
(1, 'admin', 'gwapa', 'female', 'admingwapa@gmail.com', 'cebu', '092123123', '2014-09-26 10:59:20'),
(1, 'admin', 'gwapa', 'female', 'admingwapa@gmail.com', 'cebu', '092123123', '2014-09-26 10:59:20'),
(1, 'admin', 'gwapa', 'female', 'admingwapa@gmail.com', 'cebu', '092123123', '2014-09-26 10:59:20'),
(1, 'admin', 'gwapa', 'female', 'admingwapa@gmail.com', 'cebu', '092123123', '2014-09-26 10:59:20'),
(1, 'admin', 'gwapa', 'female', 'admingwapa@gmail.com', 'cebu', '092123123', '2014-09-26 10:59:20'),
(1, 'admin', 'gwapa', 'female', 'admingwapa@gmail.com', 'cebu', '092123123', '2014-09-26 10:59:20'),
(1, 'admin', 'gwapa', 'female', 'admingwapa@gmail.com', 'cebu', '092123123', '2014-09-26 10:59:20'),
(1, 'admin', 'gwapa', 'female', 'admingwapa@gmail.com', 'cebu', '092123123', '2014-09-26 10:59:20'),
(1, 'admin', 'gwapa', 'female', 'admingwapa@gmail.com', 'cebu', '092123123', '2014-09-26 10:59:20'),
(1, 'admin', 'gwapa', 'female', 'admingwapa@gmail.com', 'cebu', '092123123', '2014-09-26 10:59:20'),
(1, 'admin', 'gwapa', 'female', 'admingwapa@gmail.com', 'cebu', '092123123', '2014-09-26 10:59:20'),
(1, 'admin', 'gwapa', 'female', 'admingwapa@gmail.com', 'cebu', '092123123', '2014-09-26 10:59:20'),
(1, 'admin', 'gwapa', 'female', 'admingwapa@gmail.com', 'cebu', '092123123', '2014-09-26 10:59:20'),
(1, 'admin', 'gwapa', 'female', 'admingwapa@gmail.com', 'cebu', '092123123', '2014-09-26 11:00:09'),
(1, 'admin', 'gwapa', 'female', 'admingwapa@gmail.com', 'cebu', '092123123', '2014-09-26 11:00:09'),
(1, 'admin', 'gwapa', 'female', 'admingwapa@gmail.com', 'cebu', '092123123', '2014-09-26 11:00:09'),
(1, 'admin', 'gwapa', 'female', 'admingwapa@gmail.com', 'cebu', '092123123', '2014-09-26 11:00:09'),
(1, 'admin', 'gwapa', 'female', 'admingwapa@gmail.com', 'cebu', '092123123', '2014-09-26 11:00:09'),
(1, 'admin', 'gwapa', 'female', 'admingwapa@gmail.com', 'cebu', '092123123', '2014-09-26 11:00:09'),
(1, 'admin', 'gwapa', 'female', 'admingwapa@gmail.com', 'cebu', '092123123', '2014-09-26 11:00:09'),
(1, 'admin', 'gwapa', 'female', 'admingwapa@gmail.com', 'cebu', '092123123', '2014-09-26 11:00:09'),
(1, 'admin', 'gwapa', 'female', 'admingwapa@gmail.com', 'cebu', '092123123', '2014-09-26 11:00:09'),
(1, 'admin', 'gwapa', 'female', 'admingwapa@gmail.com', 'cebu', '092123123', '2014-09-26 11:00:09'),
(1, 'admin', 'gwapa', 'female', 'admingwapa@gmail.com', 'cebu', '092123123', '2014-09-26 11:00:09'),
(1, 'admin', 'gwapa', 'female', 'admingwapa@gmail.com', 'cebu', '092123123', '2014-09-26 11:00:09'),
(1, 'admin', 'gwapa', 'female', 'admingwapa@gmail.com', 'cebu', '092123123', '2014-09-26 11:00:09'),
(1, 'admin', 'gwapa', 'female', 'admingwapa@gmail.com', 'cebu', '092123123', '2014-09-26 11:00:09'),
(1, 'admin', 'gwapa', 'female', 'admingwapa@gmail.com', 'cebu', '092123123', '2014-09-26 11:00:09'),
(1, 'admin', 'gwapa', 'female', 'admingwapa@gmail.com', 'cebu', '092123123', '2014-09-26 11:00:09'),
(1, 'admin', 'gwapa', 'female', 'admingwapa@gmail.com', 'cebu', '092123123', '2014-09-26 11:00:09'),
(1, 'admin', 'gwapa', 'female', 'admingwapa@gmail.com', 'cebu', '092123123', '2014-09-26 11:00:09'),
(1, 'admin', 'gwapa', 'female', 'admingwapa@gmail.com', 'cebu', '092123123', '2014-09-26 11:00:09'),
(1, 'admin', 'gwapa', 'female', 'admingwapa@gmail.com', 'cebu', '092123123', '2014-09-26 11:00:09'),
(1, 'admin', 'gwapa', 'female', 'admingwapa@gmail.com', 'cebu', '092123123', '2014-09-26 11:00:09'),
(1, 'admin', 'gwapa', 'female', 'admingwapa@gmail.com', 'cebu', '092123123', '2014-09-26 11:04:54'),
(1, 'admin', 'gwapa', 'female', 'admingwapa@gmail.com', 'cebu', '092123123', '2014-09-26 11:05:34'),
(1, 'admin', 'gwapa', 'female', 'admingwapa@gmail.com', 'cebu', '092123123', '2014-09-26 11:06:43');

-- --------------------------------------------------------

--
-- Table structure for table `customer_order`
--

CREATE TABLE IF NOT EXISTS `customer_order` (
  `order_id` int(20) NOT NULL AUTO_INCREMENT,
  `customer_account_id` int(20) NOT NULL,
  `order_total` decimal(10,2) NOT NULL,
  `customer_cash` decimal(10,2) NOT NULL,
  `customer_change` decimal(10,2) NOT NULL,
  `date_ordered` timestamp NOT NULL DEFAULT CURRENT_TIMESTAMP ON UPDATE CURRENT_TIMESTAMP,
  PRIMARY KEY (`order_id`)
) ENGINE=InnoDB  DEFAULT CHARSET=latin1 AUTO_INCREMENT=396 ;

--
-- Dumping data for table `customer_order`
--

INSERT INTO `customer_order` (`order_id`, `customer_account_id`, `order_total`, `customer_cash`, `customer_change`, `date_ordered`) VALUES
(1, 1, '190.44', '666.00', '475.56', '2014-09-14 15:36:56'),
(2, 1, '190.44', '999.00', '808.56', '2014-09-14 15:45:47'),
(3, 1, '190.44', '7777.00', '7586.56', '2014-09-14 15:47:18'),
(4, 1, '190.44', '333.00', '142.56', '2014-09-14 15:47:44'),
(5, 1, '257.44', '444.00', '186.56', '2014-09-14 15:48:26'),
(6, 1, '1936.08', '7777.00', '5840.92', '2014-09-14 15:50:49'),
(7, 3, '931.32', '2000.00', '1068.68', '2014-09-14 15:56:07'),
(8, 4, '100.00', '100.00', '0.00', '2014-09-15 01:55:33'),
(9, 1, '190.00', '200.00', '10.00', '2014-09-15 02:07:27'),
(10, 1, '290.00', '300.00', '10.00', '2014-09-15 02:10:29'),
(11, 1, '290.00', '888.00', '598.00', '2014-09-15 02:11:35'),
(12, 1, '480.44', '900.00', '419.56', '2014-09-15 02:16:29'),
(13, 1, '480.88', '500.00', '19.12', '2014-09-15 10:17:15'),
(14, 1, '0.00', '70.00', '70.00', '2014-09-18 13:12:23'),
(15, 3, '444.00', '555.00', '111.00', '2014-09-26 09:39:32'),
(16, 3, '444.00', '555.00', '111.00', '2014-09-26 09:39:32'),
(17, 3, '444.00', '555.00', '111.00', '2014-09-26 09:39:32'),
(18, 3, '444.00', '555.00', '111.00', '2014-09-26 09:39:32'),
(19, 3, '444.00', '555.00', '111.00', '2014-09-26 09:39:32'),
(20, 3, '444.00', '555.00', '111.00', '2014-09-26 09:39:32'),
(21, 3, '444.00', '555.00', '111.00', '2014-09-26 09:39:32'),
(22, 3, '444.00', '555.00', '111.00', '2014-09-26 09:39:32'),
(23, 3, '444.00', '555.00', '111.00', '2014-09-26 09:39:32'),
(24, 3, '444.00', '555.00', '111.00', '2014-09-26 09:39:32'),
(25, 3, '444.00', '555.00', '111.00', '2014-09-26 09:39:33'),
(26, 3, '444.00', '555.00', '111.00', '2014-09-26 09:39:33'),
(27, 3, '444.00', '555.00', '111.00', '2014-09-26 09:39:33'),
(28, 3, '444.00', '555.00', '111.00', '2014-09-26 09:39:33'),
(29, 3, '444.00', '555.00', '111.00', '2014-09-26 09:39:33'),
(30, 3, '444.00', '555.00', '111.00', '2014-09-26 09:39:33'),
(31, 3, '444.00', '555.00', '111.00', '2014-09-26 09:39:33'),
(32, 3, '444.00', '555.00', '111.00', '2014-09-26 09:39:33'),
(33, 3, '444.00', '555.00', '111.00', '2014-09-26 09:39:33'),
(34, 3, '444.00', '555.00', '111.00', '2014-09-26 09:39:33'),
(35, 3, '444.00', '555.00', '111.00', '2014-09-26 09:39:33'),
(36, 3, '444.00', '555.00', '111.00', '2014-09-26 09:39:33'),
(37, 3, '444.00', '555.00', '111.00', '2014-09-26 09:39:33'),
(38, 3, '444.00', '555.00', '111.00', '2014-09-26 09:39:33'),
(39, 3, '444.00', '555.00', '111.00', '2014-09-26 09:39:33'),
(40, 3, '444.00', '555.00', '111.00', '2014-09-26 09:39:33'),
(41, 3, '444.00', '555.00', '111.00', '2014-09-26 09:39:34'),
(42, 3, '444.00', '555.00', '111.00', '2014-09-26 09:39:34'),
(43, 3, '444.00', '555.00', '111.00', '2014-09-26 09:39:34'),
(44, 3, '444.00', '555.00', '111.00', '2014-09-26 09:39:34'),
(45, 3, '444.00', '555.00', '111.00', '2014-09-26 09:39:34'),
(46, 3, '444.00', '555.00', '111.00', '2014-09-26 09:39:34'),
(47, 3, '444.00', '555.00', '111.00', '2014-09-26 09:39:34'),
(48, 3, '444.00', '555.00', '111.00', '2014-09-26 09:39:34'),
(49, 3, '444.00', '555.00', '111.00', '2014-09-26 09:39:34'),
(50, 3, '444.00', '555.00', '111.00', '2014-09-26 09:39:34'),
(51, 3, '444.00', '555.00', '111.00', '2014-09-26 09:39:34'),
(52, 3, '444.00', '555.00', '111.00', '2014-09-26 09:39:34'),
(53, 3, '444.00', '555.00', '111.00', '2014-09-26 09:39:34'),
(54, 3, '444.00', '555.00', '111.00', '2014-09-26 09:39:34'),
(55, 3, '444.00', '555.00', '111.00', '2014-09-26 09:39:34'),
(56, 3, '444.00', '555.00', '111.00', '2014-09-26 09:39:34'),
(57, 3, '550.00', '600.00', '50.00', '2014-09-26 09:40:45'),
(58, 3, '550.00', '600.00', '50.00', '2014-09-26 09:40:45'),
(59, 3, '550.00', '600.00', '50.00', '2014-09-26 09:40:45'),
(60, 3, '550.00', '600.00', '50.00', '2014-09-26 09:40:45'),
(61, 3, '550.00', '600.00', '50.00', '2014-09-26 09:40:45'),
(62, 3, '550.00', '600.00', '50.00', '2014-09-26 09:40:45'),
(63, 3, '550.00', '600.00', '50.00', '2014-09-26 09:40:45'),
(64, 3, '550.00', '600.00', '50.00', '2014-09-26 09:40:45'),
(65, 3, '550.00', '600.00', '50.00', '2014-09-26 09:40:45'),
(66, 3, '550.00', '600.00', '50.00', '2014-09-26 09:40:45'),
(67, 3, '550.00', '600.00', '50.00', '2014-09-26 09:40:45'),
(68, 3, '550.00', '600.00', '50.00', '2014-09-26 09:40:45'),
(69, 3, '550.00', '600.00', '50.00', '2014-09-26 09:40:45'),
(70, 3, '550.00', '600.00', '50.00', '2014-09-26 09:40:45'),
(71, 3, '550.00', '600.00', '50.00', '2014-09-26 09:40:45'),
(72, 3, '550.00', '600.00', '50.00', '2014-09-26 09:40:45'),
(73, 3, '550.00', '600.00', '50.00', '2014-09-26 09:40:45'),
(74, 3, '550.00', '600.00', '50.00', '2014-09-26 09:40:45'),
(75, 3, '550.00', '600.00', '50.00', '2014-09-26 09:40:45'),
(76, 3, '550.00', '600.00', '50.00', '2014-09-26 09:40:45'),
(77, 3, '550.00', '600.00', '50.00', '2014-09-26 09:40:46'),
(78, 3, '550.00', '600.00', '50.00', '2014-09-26 09:40:46'),
(79, 3, '550.00', '600.00', '50.00', '2014-09-26 09:40:46'),
(80, 3, '550.00', '600.00', '50.00', '2014-09-26 09:40:46'),
(81, 3, '550.00', '600.00', '50.00', '2014-09-26 09:40:46'),
(82, 3, '550.00', '600.00', '50.00', '2014-09-26 09:40:46'),
(83, 3, '550.00', '600.00', '50.00', '2014-09-26 09:40:46'),
(84, 3, '550.00', '600.00', '50.00', '2014-09-26 09:40:46'),
(85, 3, '550.00', '600.00', '50.00', '2014-09-26 09:40:46'),
(86, 3, '550.00', '600.00', '50.00', '2014-09-26 09:40:46'),
(87, 3, '550.00', '600.00', '50.00', '2014-09-26 09:40:46'),
(88, 3, '550.00', '600.00', '50.00', '2014-09-26 09:40:46'),
(89, 3, '550.00', '600.00', '50.00', '2014-09-26 09:40:46'),
(90, 3, '550.00', '600.00', '50.00', '2014-09-26 09:40:46'),
(91, 3, '550.00', '600.00', '50.00', '2014-09-26 09:40:46'),
(92, 3, '550.00', '600.00', '50.00', '2014-09-26 09:40:46'),
(93, 3, '550.00', '600.00', '50.00', '2014-09-26 09:40:46'),
(94, 3, '550.00', '600.00', '50.00', '2014-09-26 09:40:46'),
(95, 3, '550.00', '600.00', '50.00', '2014-09-26 09:40:46'),
(96, 3, '550.00', '600.00', '50.00', '2014-09-26 09:40:46'),
(97, 3, '550.00', '600.00', '50.00', '2014-09-26 09:40:46'),
(98, 3, '550.00', '600.00', '50.00', '2014-09-26 09:40:46'),
(99, 3, '550.00', '600.00', '50.00', '2014-09-26 09:40:51'),
(100, 3, '550.00', '600.00', '50.00', '2014-09-26 09:40:51'),
(101, 3, '550.00', '600.00', '50.00', '2014-09-26 09:40:51'),
(102, 3, '550.00', '600.00', '50.00', '2014-09-26 09:40:51'),
(103, 3, '550.00', '600.00', '50.00', '2014-09-26 09:40:51'),
(104, 3, '550.00', '600.00', '50.00', '2014-09-26 09:40:51'),
(105, 3, '550.00', '600.00', '50.00', '2014-09-26 09:40:51'),
(106, 3, '550.00', '600.00', '50.00', '2014-09-26 09:40:51'),
(107, 3, '550.00', '600.00', '50.00', '2014-09-26 09:40:51'),
(108, 3, '550.00', '600.00', '50.00', '2014-09-26 09:40:52'),
(109, 3, '550.00', '600.00', '50.00', '2014-09-26 09:40:52'),
(110, 3, '550.00', '600.00', '50.00', '2014-09-26 09:40:52'),
(111, 3, '550.00', '600.00', '50.00', '2014-09-26 09:40:52'),
(112, 3, '550.00', '600.00', '50.00', '2014-09-26 09:40:52'),
(113, 3, '550.00', '600.00', '50.00', '2014-09-26 09:40:52'),
(114, 3, '550.00', '600.00', '50.00', '2014-09-26 09:40:52'),
(115, 3, '550.00', '600.00', '50.00', '2014-09-26 09:40:52'),
(116, 3, '550.00', '600.00', '50.00', '2014-09-26 09:40:52'),
(117, 3, '550.00', '600.00', '50.00', '2014-09-26 09:40:52'),
(118, 3, '550.00', '600.00', '50.00', '2014-09-26 09:40:52'),
(119, 3, '550.00', '600.00', '50.00', '2014-09-26 09:40:52'),
(120, 1, '444.00', '444.00', '0.00', '2014-09-26 10:37:06'),
(121, 1, '444.00', '444.00', '0.00', '2014-09-26 10:37:07'),
(122, 1, '444.00', '444.00', '0.00', '2014-09-26 10:37:07'),
(123, 1, '444.00', '444.00', '0.00', '2014-09-26 10:37:07'),
(124, 1, '444.00', '444.00', '0.00', '2014-09-26 10:37:07'),
(125, 1, '444.00', '444.00', '0.00', '2014-09-26 10:37:07'),
(126, 1, '444.00', '444.00', '0.00', '2014-09-26 10:37:07'),
(127, 1, '444.00', '444.00', '0.00', '2014-09-26 10:37:07'),
(128, 1, '444.00', '444.00', '0.00', '2014-09-26 10:37:07'),
(129, 1, '444.00', '444.00', '0.00', '2014-09-26 10:37:07'),
(130, 1, '444.00', '444.00', '0.00', '2014-09-26 10:37:07'),
(131, 1, '444.00', '444.00', '0.00', '2014-09-26 10:37:07'),
(132, 1, '444.00', '444.00', '0.00', '2014-09-26 10:37:07'),
(133, 1, '444.00', '444.00', '0.00', '2014-09-26 10:37:07'),
(134, 1, '444.00', '444.00', '0.00', '2014-09-26 10:37:07'),
(135, 1, '444.00', '444.00', '0.00', '2014-09-26 10:37:07'),
(136, 1, '444.00', '444.00', '0.00', '2014-09-26 10:37:08'),
(137, 1, '444.00', '444.00', '0.00', '2014-09-26 10:37:08'),
(138, 1, '444.00', '444.00', '0.00', '2014-09-26 10:37:08'),
(139, 1, '444.00', '444.00', '0.00', '2014-09-26 10:37:08'),
(140, 1, '444.00', '444.00', '0.00', '2014-09-26 10:37:08'),
(141, 1, '444.00', '444.00', '0.00', '2014-09-26 10:37:08'),
(142, 1, '444.00', '444.00', '0.00', '2014-09-26 10:37:08'),
(143, 1, '444.00', '444.00', '0.00', '2014-09-26 10:37:08'),
(144, 1, '444.00', '444.00', '0.00', '2014-09-26 10:37:08'),
(145, 1, '444.00', '444.00', '0.00', '2014-09-26 10:37:08'),
(146, 1, '444.00', '444.00', '0.00', '2014-09-26 10:37:08'),
(147, 1, '444.00', '444.00', '0.00', '2014-09-26 10:37:08'),
(148, 1, '444.00', '444.00', '0.00', '2014-09-26 10:37:08'),
(149, 1, '444.00', '444.00', '0.00', '2014-09-26 10:37:08'),
(150, 1, '444.00', '444.00', '0.00', '2014-09-26 10:37:08'),
(151, 1, '444.00', '444.00', '0.00', '2014-09-26 10:37:08'),
(152, 1, '444.00', '444.00', '0.00', '2014-09-26 10:37:08'),
(153, 1, '444.00', '444.00', '0.00', '2014-09-26 10:37:08'),
(154, 1, '444.00', '444.00', '0.00', '2014-09-26 10:37:08'),
(155, 1, '444.00', '444.00', '0.00', '2014-09-26 10:37:08'),
(156, 1, '444.00', '444.00', '0.00', '2014-09-26 10:37:09'),
(157, 1, '444.00', '444.00', '0.00', '2014-09-26 10:37:09'),
(158, 1, '444.00', '444.00', '0.00', '2014-09-26 10:37:09'),
(159, 1, '444.00', '444.00', '0.00', '2014-09-26 10:37:09'),
(160, 1, '444.00', '444.00', '0.00', '2014-09-26 10:37:09'),
(161, 1, '444.00', '444.00', '0.00', '2014-09-26 10:37:09'),
(162, 1, '444.00', '444.00', '0.00', '2014-09-26 10:38:03'),
(163, 1, '444.00', '444.00', '0.00', '2014-09-26 10:38:03'),
(164, 1, '444.00', '444.00', '0.00', '2014-09-26 10:38:03'),
(165, 1, '444.00', '444.00', '0.00', '2014-09-26 10:38:03'),
(166, 1, '444.00', '444.00', '0.00', '2014-09-26 10:38:04'),
(167, 1, '444.00', '444.00', '0.00', '2014-09-26 10:38:04'),
(168, 1, '444.00', '444.00', '0.00', '2014-09-26 10:38:04'),
(169, 1, '444.00', '444.00', '0.00', '2014-09-26 10:38:04'),
(170, 1, '444.00', '444.00', '0.00', '2014-09-26 10:38:04'),
(171, 1, '444.00', '444.00', '0.00', '2014-09-26 10:38:04'),
(172, 1, '444.00', '444.00', '0.00', '2014-09-26 10:38:04'),
(173, 1, '444.00', '444.00', '0.00', '2014-09-26 10:38:04'),
(174, 1, '444.00', '444.00', '0.00', '2014-09-26 10:38:04'),
(175, 1, '444.00', '444.00', '0.00', '2014-09-26 10:38:04'),
(176, 1, '444.00', '444.00', '0.00', '2014-09-26 10:38:04'),
(177, 1, '444.00', '444.00', '0.00', '2014-09-26 10:38:04'),
(178, 1, '444.00', '444.00', '0.00', '2014-09-26 10:38:04'),
(179, 1, '444.00', '444.00', '0.00', '2014-09-26 10:38:04'),
(180, 1, '444.00', '444.00', '0.00', '2014-09-26 10:38:04'),
(181, 1, '444.00', '444.00', '0.00', '2014-09-26 10:38:04'),
(182, 1, '444.00', '444.00', '0.00', '2014-09-26 10:38:04'),
(183, 1, '444.00', '444.00', '0.00', '2014-09-26 10:38:04'),
(184, 1, '444.00', '444.00', '0.00', '2014-09-26 10:38:04'),
(185, 1, '444.00', '444.00', '0.00', '2014-09-26 10:38:04'),
(186, 1, '444.00', '444.00', '0.00', '2014-09-26 10:38:04'),
(187, 1, '444.00', '444.00', '0.00', '2014-09-26 10:38:04'),
(188, 1, '444.00', '444.00', '0.00', '2014-09-26 10:38:04'),
(189, 1, '444.00', '444.00', '0.00', '2014-09-26 10:38:04'),
(190, 1, '444.00', '444.00', '0.00', '2014-09-26 10:38:04'),
(191, 1, '444.00', '444.00', '0.00', '2014-09-26 10:38:04'),
(192, 1, '444.00', '444.00', '0.00', '2014-09-26 10:38:04'),
(193, 1, '444.00', '444.00', '0.00', '2014-09-26 10:38:05'),
(194, 1, '444.00', '444.00', '0.00', '2014-09-26 10:38:05'),
(195, 1, '444.00', '444.00', '0.00', '2014-09-26 10:38:05'),
(196, 1, '444.00', '444.00', '0.00', '2014-09-26 10:38:05'),
(197, 1, '444.00', '444.00', '0.00', '2014-09-26 10:38:05'),
(198, 1, '444.00', '444.00', '0.00', '2014-09-26 10:38:05'),
(199, 1, '444.00', '444.00', '0.00', '2014-09-26 10:38:05'),
(200, 1, '444.00', '444.00', '0.00', '2014-09-26 10:38:05'),
(201, 1, '444.00', '444.00', '0.00', '2014-09-26 10:38:05'),
(202, 1, '444.00', '444.00', '0.00', '2014-09-26 10:38:05'),
(203, 1, '444.00', '444.00', '0.00', '2014-09-26 10:38:05'),
(204, 1, '444.00', '444.00', '0.00', '2014-09-26 10:38:10'),
(205, 1, '444.00', '444.00', '0.00', '2014-09-26 10:38:10'),
(206, 1, '444.00', '444.00', '0.00', '2014-09-26 10:38:10'),
(207, 1, '444.00', '444.00', '0.00', '2014-09-26 10:38:10'),
(208, 1, '444.00', '444.00', '0.00', '2014-09-26 10:38:10'),
(209, 1, '444.00', '444.00', '0.00', '2014-09-26 10:38:10'),
(210, 1, '444.00', '444.00', '0.00', '2014-09-26 10:38:10'),
(211, 1, '444.00', '444.00', '0.00', '2014-09-26 10:38:10'),
(212, 1, '444.00', '444.00', '0.00', '2014-09-26 10:38:10'),
(213, 1, '444.00', '444.00', '0.00', '2014-09-26 10:38:10'),
(214, 1, '444.00', '444.00', '0.00', '2014-09-26 10:38:10'),
(215, 1, '444.00', '444.00', '0.00', '2014-09-26 10:38:10'),
(216, 1, '444.00', '444.00', '0.00', '2014-09-26 10:38:10'),
(217, 1, '444.00', '444.00', '0.00', '2014-09-26 10:38:10'),
(218, 1, '444.00', '444.00', '0.00', '2014-09-26 10:38:10'),
(219, 1, '444.00', '444.00', '0.00', '2014-09-26 10:38:11'),
(220, 1, '444.00', '444.00', '0.00', '2014-09-26 10:38:11'),
(221, 1, '444.00', '444.00', '0.00', '2014-09-26 10:38:11'),
(222, 1, '444.00', '444.00', '0.00', '2014-09-26 10:38:11'),
(223, 1, '444.00', '444.00', '0.00', '2014-09-26 10:38:11'),
(224, 1, '444.00', '444.00', '0.00', '2014-09-26 10:38:11'),
(225, 1, '444.00', '444.00', '0.00', '2014-09-26 10:38:28'),
(226, 1, '444.00', '444.00', '0.00', '2014-09-26 10:38:28'),
(227, 1, '444.00', '444.00', '0.00', '2014-09-26 10:38:28'),
(228, 1, '444.00', '444.00', '0.00', '2014-09-26 10:38:28'),
(229, 1, '444.00', '444.00', '0.00', '2014-09-26 10:38:28'),
(230, 1, '444.00', '444.00', '0.00', '2014-09-26 10:38:28'),
(231, 1, '444.00', '444.00', '0.00', '2014-09-26 10:38:28'),
(232, 1, '444.00', '444.00', '0.00', '2014-09-26 10:38:28'),
(233, 1, '444.00', '444.00', '0.00', '2014-09-26 10:38:28'),
(234, 1, '444.00', '444.00', '0.00', '2014-09-26 10:38:28'),
(235, 1, '444.00', '444.00', '0.00', '2014-09-26 10:38:28'),
(236, 1, '444.00', '444.00', '0.00', '2014-09-26 10:38:29'),
(237, 1, '444.00', '444.00', '0.00', '2014-09-26 10:38:29'),
(238, 1, '444.00', '444.00', '0.00', '2014-09-26 10:38:29'),
(239, 1, '444.00', '444.00', '0.00', '2014-09-26 10:38:29'),
(240, 1, '444.00', '444.00', '0.00', '2014-09-26 10:38:29'),
(241, 1, '444.00', '444.00', '0.00', '2014-09-26 10:38:29'),
(242, 1, '444.00', '444.00', '0.00', '2014-09-26 10:38:29'),
(243, 1, '444.00', '444.00', '0.00', '2014-09-26 10:38:29'),
(244, 1, '444.00', '444.00', '0.00', '2014-09-26 10:38:29'),
(245, 1, '444.00', '444.00', '0.00', '2014-09-26 10:38:29'),
(246, 1, '444.00', '444.00', '0.00', '2014-09-26 10:38:29'),
(247, 1, '444.00', '444.00', '0.00', '2014-09-26 10:38:29'),
(248, 1, '444.00', '444.00', '0.00', '2014-09-26 10:38:29'),
(249, 1, '444.00', '444.00', '0.00', '2014-09-26 10:38:29'),
(250, 1, '444.00', '444.00', '0.00', '2014-09-26 10:38:29'),
(251, 1, '444.00', '444.00', '0.00', '2014-09-26 10:38:29'),
(252, 1, '444.00', '444.00', '0.00', '2014-09-26 10:38:29'),
(253, 1, '444.00', '444.00', '0.00', '2014-09-26 10:38:29'),
(254, 1, '444.00', '444.00', '0.00', '2014-09-26 10:38:29'),
(255, 1, '444.00', '444.00', '0.00', '2014-09-26 10:38:29'),
(256, 1, '444.00', '444.00', '0.00', '2014-09-26 10:38:29'),
(257, 1, '444.00', '444.00', '0.00', '2014-09-26 10:38:29'),
(258, 1, '444.00', '444.00', '0.00', '2014-09-26 10:38:29'),
(259, 1, '444.00', '444.00', '0.00', '2014-09-26 10:38:30'),
(260, 1, '444.00', '444.00', '0.00', '2014-09-26 10:38:30'),
(261, 1, '444.00', '444.00', '0.00', '2014-09-26 10:38:30'),
(262, 1, '444.00', '444.00', '0.00', '2014-09-26 10:38:30'),
(263, 1, '444.00', '444.00', '0.00', '2014-09-26 10:38:30'),
(264, 1, '444.00', '444.00', '0.00', '2014-09-26 10:38:30'),
(265, 1, '444.00', '444.00', '0.00', '2014-09-26 10:38:30'),
(266, 1, '444.00', '444.00', '0.00', '2014-09-26 10:38:30'),
(267, 1, '444.00', '444.00', '0.00', '2014-09-26 10:40:13'),
(268, 1, '444.00', '444.00', '0.00', '2014-09-26 10:40:13'),
(269, 1, '444.00', '444.00', '0.00', '2014-09-26 10:40:13'),
(270, 1, '444.00', '444.00', '0.00', '2014-09-26 10:40:13'),
(271, 1, '444.00', '444.00', '0.00', '2014-09-26 10:40:13'),
(272, 1, '444.00', '444.00', '0.00', '2014-09-26 10:40:13'),
(273, 1, '444.00', '444.00', '0.00', '2014-09-26 10:40:13'),
(274, 1, '444.00', '444.00', '0.00', '2014-09-26 10:40:13'),
(275, 1, '444.00', '444.00', '0.00', '2014-09-26 10:40:13'),
(276, 1, '444.00', '444.00', '0.00', '2014-09-26 10:40:13'),
(277, 1, '444.00', '444.00', '0.00', '2014-09-26 10:40:13'),
(278, 1, '444.00', '444.00', '0.00', '2014-09-26 10:40:13'),
(279, 1, '444.00', '444.00', '0.00', '2014-09-26 10:40:13'),
(280, 1, '444.00', '444.00', '0.00', '2014-09-26 10:40:13'),
(281, 1, '444.00', '444.00', '0.00', '2014-09-26 10:40:14'),
(282, 1, '444.00', '444.00', '0.00', '2014-09-26 10:40:14'),
(283, 1, '444.00', '444.00', '0.00', '2014-09-26 10:40:14'),
(284, 1, '444.00', '444.00', '0.00', '2014-09-26 10:40:14'),
(285, 1, '444.00', '444.00', '0.00', '2014-09-26 10:40:14'),
(286, 1, '444.00', '444.00', '0.00', '2014-09-26 10:40:14'),
(287, 1, '444.00', '444.00', '0.00', '2014-09-26 10:40:14'),
(288, 1, '800.00', '900.00', '100.00', '2014-09-26 10:57:11'),
(289, 1, '800.00', '900.00', '100.00', '2014-09-26 10:57:11'),
(290, 1, '800.00', '900.00', '100.00', '2014-09-26 10:57:11'),
(291, 1, '800.00', '900.00', '100.00', '2014-09-26 10:57:11'),
(292, 1, '800.00', '900.00', '100.00', '2014-09-26 10:57:11'),
(293, 1, '800.00', '900.00', '100.00', '2014-09-26 10:57:11'),
(294, 1, '800.00', '900.00', '100.00', '2014-09-26 10:57:11'),
(295, 1, '800.00', '900.00', '100.00', '2014-09-26 10:57:11'),
(296, 1, '800.00', '900.00', '100.00', '2014-09-26 10:57:11'),
(297, 1, '800.00', '900.00', '100.00', '2014-09-26 10:57:11'),
(298, 1, '800.00', '900.00', '100.00', '2014-09-26 10:57:11'),
(299, 1, '800.00', '900.00', '100.00', '2014-09-26 10:57:11'),
(300, 1, '800.00', '900.00', '100.00', '2014-09-26 10:57:12'),
(301, 1, '800.00', '900.00', '100.00', '2014-09-26 10:57:12'),
(302, 1, '800.00', '900.00', '100.00', '2014-09-26 10:57:12'),
(303, 1, '800.00', '900.00', '100.00', '2014-09-26 10:57:12'),
(304, 1, '800.00', '900.00', '100.00', '2014-09-26 10:57:12'),
(305, 1, '800.00', '900.00', '100.00', '2014-09-26 10:57:12'),
(306, 1, '800.00', '900.00', '100.00', '2014-09-26 10:57:12'),
(307, 1, '800.00', '900.00', '100.00', '2014-09-26 10:57:12'),
(308, 1, '800.00', '900.00', '100.00', '2014-09-26 10:57:12'),
(309, 1, '800.00', '900.00', '100.00', '2014-09-26 10:57:12'),
(310, 1, '800.00', '900.00', '100.00', '2014-09-26 10:57:12'),
(311, 1, '800.00', '900.00', '100.00', '2014-09-26 10:57:12'),
(312, 1, '800.00', '900.00', '100.00', '2014-09-26 10:57:12'),
(313, 1, '800.00', '900.00', '100.00', '2014-09-26 10:57:12'),
(314, 1, '800.00', '900.00', '100.00', '2014-09-26 10:57:12'),
(315, 1, '800.00', '900.00', '100.00', '2014-09-26 10:57:12'),
(316, 1, '800.00', '900.00', '100.00', '2014-09-26 10:57:12'),
(317, 1, '800.00', '900.00', '100.00', '2014-09-26 10:57:12'),
(318, 1, '800.00', '900.00', '100.00', '2014-09-26 10:57:12'),
(319, 1, '800.00', '900.00', '100.00', '2014-09-26 10:57:12'),
(320, 1, '800.00', '900.00', '100.00', '2014-09-26 10:57:12'),
(321, 1, '800.00', '900.00', '100.00', '2014-09-26 10:57:12'),
(322, 1, '800.00', '900.00', '100.00', '2014-09-26 10:57:12'),
(323, 1, '800.00', '900.00', '100.00', '2014-09-26 10:57:12'),
(324, 1, '800.00', '900.00', '100.00', '2014-09-26 10:57:13'),
(325, 1, '800.00', '900.00', '100.00', '2014-09-26 10:57:13'),
(326, 1, '800.00', '900.00', '100.00', '2014-09-26 10:57:13'),
(327, 1, '800.00', '900.00', '100.00', '2014-09-26 10:57:13'),
(328, 1, '800.00', '900.00', '100.00', '2014-09-26 10:57:13'),
(329, 1, '800.00', '900.00', '100.00', '2014-09-26 10:57:13'),
(330, 1, '800.00', '900.00', '100.00', '2014-09-26 10:58:54'),
(331, 1, '800.00', '900.00', '100.00', '2014-09-26 10:58:54'),
(332, 1, '800.00', '900.00', '100.00', '2014-09-26 10:58:54'),
(333, 1, '800.00', '900.00', '100.00', '2014-09-26 10:58:54'),
(334, 1, '800.00', '900.00', '100.00', '2014-09-26 10:58:54'),
(335, 1, '800.00', '900.00', '100.00', '2014-09-26 10:58:54'),
(336, 1, '800.00', '900.00', '100.00', '2014-09-26 10:58:55'),
(337, 1, '800.00', '900.00', '100.00', '2014-09-26 10:58:55'),
(338, 1, '800.00', '900.00', '100.00', '2014-09-26 10:58:55'),
(339, 1, '800.00', '900.00', '100.00', '2014-09-26 10:58:55'),
(340, 1, '800.00', '900.00', '100.00', '2014-09-26 10:58:55'),
(341, 1, '800.00', '900.00', '100.00', '2014-09-26 10:58:55'),
(342, 1, '800.00', '900.00', '100.00', '2014-09-26 10:58:55'),
(343, 1, '800.00', '900.00', '100.00', '2014-09-26 10:58:55'),
(344, 1, '800.00', '900.00', '100.00', '2014-09-26 10:58:55'),
(345, 1, '800.00', '900.00', '100.00', '2014-09-26 10:58:55'),
(346, 1, '800.00', '900.00', '100.00', '2014-09-26 10:58:55'),
(347, 1, '800.00', '900.00', '100.00', '2014-09-26 10:58:55'),
(348, 1, '800.00', '900.00', '100.00', '2014-09-26 10:58:55'),
(349, 1, '800.00', '900.00', '100.00', '2014-09-26 10:58:55'),
(350, 1, '800.00', '900.00', '100.00', '2014-09-26 10:58:55'),
(351, 1, '800.00', '900.00', '100.00', '2014-09-26 10:59:19'),
(352, 1, '800.00', '900.00', '100.00', '2014-09-26 10:59:19'),
(353, 1, '800.00', '900.00', '100.00', '2014-09-26 10:59:19'),
(354, 1, '800.00', '900.00', '100.00', '2014-09-26 10:59:20'),
(355, 1, '800.00', '900.00', '100.00', '2014-09-26 10:59:20'),
(356, 1, '800.00', '900.00', '100.00', '2014-09-26 10:59:20'),
(357, 1, '800.00', '900.00', '100.00', '2014-09-26 10:59:20'),
(358, 1, '800.00', '900.00', '100.00', '2014-09-26 10:59:20'),
(359, 1, '800.00', '900.00', '100.00', '2014-09-26 10:59:20'),
(360, 1, '800.00', '900.00', '100.00', '2014-09-26 10:59:20'),
(361, 1, '800.00', '900.00', '100.00', '2014-09-26 10:59:20'),
(362, 1, '800.00', '900.00', '100.00', '2014-09-26 10:59:20'),
(363, 1, '800.00', '900.00', '100.00', '2014-09-26 10:59:20'),
(364, 1, '800.00', '900.00', '100.00', '2014-09-26 10:59:20'),
(365, 1, '800.00', '900.00', '100.00', '2014-09-26 10:59:20'),
(366, 1, '800.00', '900.00', '100.00', '2014-09-26 10:59:20'),
(367, 1, '800.00', '900.00', '100.00', '2014-09-26 10:59:20'),
(368, 1, '800.00', '900.00', '100.00', '2014-09-26 10:59:20'),
(369, 1, '800.00', '900.00', '100.00', '2014-09-26 10:59:20'),
(370, 1, '800.00', '900.00', '100.00', '2014-09-26 10:59:20'),
(371, 1, '800.00', '900.00', '100.00', '2014-09-26 10:59:20'),
(372, 1, '800.00', '900.00', '100.00', '2014-09-26 11:00:09'),
(373, 1, '800.00', '900.00', '100.00', '2014-09-26 11:00:09'),
(374, 1, '800.00', '900.00', '100.00', '2014-09-26 11:00:09'),
(375, 1, '800.00', '900.00', '100.00', '2014-09-26 11:00:09'),
(376, 1, '800.00', '900.00', '100.00', '2014-09-26 11:00:09'),
(377, 1, '800.00', '900.00', '100.00', '2014-09-26 11:00:09'),
(378, 1, '800.00', '900.00', '100.00', '2014-09-26 11:00:09'),
(379, 1, '800.00', '900.00', '100.00', '2014-09-26 11:00:09'),
(380, 1, '800.00', '900.00', '100.00', '2014-09-26 11:00:09'),
(381, 1, '800.00', '900.00', '100.00', '2014-09-26 11:00:09'),
(382, 1, '800.00', '900.00', '100.00', '2014-09-26 11:00:09'),
(383, 1, '800.00', '900.00', '100.00', '2014-09-26 11:00:09'),
(384, 1, '800.00', '900.00', '100.00', '2014-09-26 11:00:09'),
(385, 1, '800.00', '900.00', '100.00', '2014-09-26 11:00:09'),
(386, 1, '800.00', '900.00', '100.00', '2014-09-26 11:00:09'),
(387, 1, '800.00', '900.00', '100.00', '2014-09-26 11:00:09'),
(388, 1, '800.00', '900.00', '100.00', '2014-09-26 11:00:09'),
(389, 1, '800.00', '900.00', '100.00', '2014-09-26 11:00:09'),
(390, 1, '800.00', '900.00', '100.00', '2014-09-26 11:00:09'),
(391, 1, '800.00', '900.00', '100.00', '2014-09-26 11:00:09'),
(392, 1, '800.00', '900.00', '100.00', '2014-09-26 11:00:09'),
(393, 1, '444.00', '444.00', '0.00', '2014-09-26 11:04:54'),
(394, 1, '444.00', '444.00', '0.00', '2014-09-26 11:05:34'),
(395, 1, '550.00', '800.00', '250.00', '2014-09-26 11:06:43');

-- --------------------------------------------------------

--
-- Table structure for table `flash_drives`
--

CREATE TABLE IF NOT EXISTS `flash_drives` (
  `flash_drive_id` int(20) NOT NULL AUTO_INCREMENT,
  `brand` varchar(50) NOT NULL,
  `model` varchar(50) NOT NULL,
  `capacity` varchar(50) NOT NULL,
  `price` decimal(10,2) NOT NULL,
  `stock` int(20) NOT NULL,
  `details` varchar(50) NOT NULL,
  `date_added` timestamp NOT NULL DEFAULT CURRENT_TIMESTAMP ON UPDATE CURRENT_TIMESTAMP,
  `flashdrive_photo` varchar(100) NOT NULL,
  PRIMARY KEY (`flash_drive_id`)
) ENGINE=InnoDB  DEFAULT CHARSET=latin1 AUTO_INCREMENT=9 ;

--
-- Dumping data for table `flash_drives`
--

INSERT INTO `flash_drives` (`flash_drive_id`, `brand`, `model`, `capacity`, `price`, `stock`, `details`, `date_added`, `flashdrive_photo`) VALUES
(2, 'kingston', 'dddd', '2', '0.00', 0, 'sdf', '2014-09-16 14:21:05', 'kingston_2gb.jpg'),
(3, 'kingston', 'gdfdg', '4', '444.00', 444, 'sdf', '2014-09-16 14:30:37', 'kingston_4gb.jpg'),
(4, 'kingston', 'dddd', '2', '0.00', 0, 'sdf', '2014-09-16 14:21:05', 'kingston_2gb.jpg'),
(6, 'hp', 'Toshiba Suruga USRG', '16', '550.00', 8000, 'USB 2.0 interface for a secure high speed data tra', '2014-09-18 13:54:00', 'toshiba.jpg'),
(7, 'sony', 'Sony Micro Vault MACH', '16', '550.00', 700, 'Ultra-fast transfers up to 120 MB/s read / 90 MB/s', '2014-09-18 13:59:05', 'sonymach_1.jpg'),
(8, 'sandisk', 'Sandisk Cruzer Force', '32', '800.00', 600, '400', '2014-09-18 14:17:19', 'sandisk.jpg');

-- --------------------------------------------------------

--
-- Table structure for table `order_details`
--

CREATE TABLE IF NOT EXISTS `order_details` (
  `order_id` int(20) NOT NULL,
  `customer_account_id` int(20) NOT NULL,
  `flash_drive_id` int(20) NOT NULL,
  `quantity` int(20) NOT NULL,
  `price` decimal(10,2) NOT NULL,
  `date_ordered` datetime NOT NULL DEFAULT CURRENT_TIMESTAMP ON UPDATE CURRENT_TIMESTAMP
) ENGINE=InnoDB DEFAULT CHARSET=latin1;

--
-- Dumping data for table `order_details`
--

INSERT INTO `order_details` (`order_id`, `customer_account_id`, `flash_drive_id`, `quantity`, `price`, `date_ordered`) VALUES
(0, 1, 1, 1, '190.44', '2014-09-14 23:45:47'),
(0, 1, 1, 1, '190.44', '2014-09-14 23:47:18'),
(0, 1, 1, 1, '190.44', '2014-09-14 23:47:44'),
(0, 1, 1, 1, '190.44', '2014-09-14 23:48:26'),
(0, 1, 4, 1, '67.00', '2014-09-14 23:48:26'),
(0, 1, 1, 7, '190.44', '2014-09-14 23:50:49'),
(0, 1, 4, 9, '67.00', '2014-09-14 23:50:49'),
(7, 3, 1, 3, '190.44', '2014-09-14 23:56:07'),
(7, 3, 3, 4, '90.00', '2014-09-14 23:56:07'),
(8, 4, 2, 1, '100.00', '2014-09-15 09:55:33'),
(9, 1, 3, 1, '90.00', '2014-09-15 10:07:27'),
(9, 1, 2, 1, '100.00', '2014-09-15 10:07:27'),
(10, 1, 3, 1, '90.00', '2014-09-15 10:10:29'),
(10, 1, 2, 2, '100.00', '2014-09-15 10:10:29'),
(11, 1, 3, 1, '90.00', '2014-09-15 10:11:35'),
(11, 1, 2, 2, '100.00', '2014-09-15 10:11:35'),
(12, 1, 3, 1, '90.00', '2014-09-15 10:16:29'),
(12, 1, 2, 2, '100.00', '2014-09-15 10:16:29'),
(12, 1, 1, 1, '190.44', '2014-09-15 10:16:29'),
(13, 1, 2, 1, '100.00', '2014-09-15 18:17:15'),
(13, 1, 1, 2, '190.44', '2014-09-15 18:17:15'),
(15, 3, 3, 1, '444.00', '2014-09-26 17:39:32'),
(57, 3, 6, 1, '550.00', '2014-09-26 17:40:45'),
(120, 1, 3, 1, '444.00', '2014-09-26 18:37:06'),
(288, 1, 2, 1, '0.00', '2014-09-26 18:57:11'),
(288, 1, 4, 1, '0.00', '2014-09-26 18:57:11'),
(288, 1, 8, 1, '800.00', '2014-09-26 18:57:11'),
(330, 1, 8, 1, '800.00', '2014-09-26 18:58:54'),
(393, 1, 3, 1, '444.00', '2014-09-26 19:04:54'),
(394, 1, 3, 1, '444.00', '2014-09-26 19:05:34'),
(395, 1, 2, 1, '0.00', '2014-09-26 19:06:43'),
(395, 1, 6, 1, '550.00', '2014-09-26 19:06:43');

/*!40101 SET CHARACTER_SET_CLIENT=@OLD_CHARACTER_SET_CLIENT */;
/*!40101 SET CHARACTER_SET_RESULTS=@OLD_CHARACTER_SET_RESULTS */;
/*!40101 SET COLLATION_CONNECTION=@OLD_COLLATION_CONNECTION */;
